Référence fournisseur;Titre;Site;Référence fiche
125F652110JLBP92050;LOCAL TECHNIQUE STANDARD STATION QUAI CLAUDE BERNARD '' MASSIFS SUPPORT DE MAT DE STATIONS STA 3 '';QUAI CLAUDE BERNARD;95022
125F652110JLBP92055;'' MASSIFS SUPPORT DE MAT DE STATIONS STA 5 ET 6 '' STATION CLAUDE BERNARD;QUAI CLAUDE BERNARD;95012
125F652110JLBP92136;NOTE DE CALCULS LOCAL TECHNIQUE STANDARD LTS 4A (LTS 120) PLAN DE COFFRAGE PLAN-COUPE-ÉLÉVATION;QUAI CLAUDE BERNARD;99029
125F652140RKPT9321;RUE DE L UNIVERSITE - DOSSIER VENTILATION UNI 106;RUE DE L UNIVERSITE;119068
125F652190JLBP92139;NOTE DE CALCULS LOCAL TECHNIQUE STANDARD LTS 4A (LTS 120) PLAN D'ARMATURES DALLE DE COUVERTURE;QUAI CLAUDE BERNARD;99030
125F710L1STP91416;SAINT ANDRE - ARMOIRE EMV TRANS;SAINT ANDRE;112414
125F710L1STP91417;RUE DE L UNIVERSITE - ARMOIRE EMV TRANS;RUE DE L UNIVERSITE;112415
125F710L1STP91418;QUAI CLAUDE BERNARD - ARMOIRE EMV TRANS;QUAI CLAUDE BERNARD;112416
125K5101105SPP00100;QUAI CLAUDE BERNARD - QUAI DES STATIONS - VUE EN PLAN;QUAI CLAUDE BERNARD;153388
125K5101105SPP00101;QUAI CLAUDE BERNARD - QUAI DES STATIONS - ELEVATIONS;QUAI CLAUDE BERNARD;153386
125K5101105SPP00102;QUAI CLAUDE BERNARD - QUAI DES STATIONS_COUPES TRANSVERSALES;QUAI CLAUDE BERNARD;153387
125K5101106SPP00110;RUE DE L UNIVERSITE - QUAI DES STATIONS VUE EN PLAN;RUE DE L UNIVERSITE;153385
125K5101106SPP00111;RUE DE L UNIVERSITE - QUAI DES STATIONS_ELEVATIONS;RUE DE L UNIVERSITE;153391
125K5101106SPP00112;RUE DE L UNIVERSITE - QUAI DES STATIONS_COUPES TRANSVERSALES;RUE DE L UNIVERSITE;153410
125K5401105CYP00103;QUAI CLAUDE BERNARD - QUAI DES STATIONS_PLAN DES FOURREAUX;QUAI CLAUDE BERNARD;122473
125K5401105CYS00104;QUAI CLAUDE BERNARD - QUAI DES STATIONS_CARNET DE FIBRES OPTIQUES;QUAI CLAUDE BERNARD;122474
125K5401105CYS00105;QUAI CLAUDE BERNARD - QUAI DES STATIONS_CARNET DE FOURREAUX;QUAI CLAUDE BERNARD;122475
125K5401105CYS00106;QUAI CLAUDE BERNARD - QUAI DES STATIONS_CARNET DE CABLES;QUAI CLAUDE BERNARD;122476
125K5401106CYP00113;RUE DE L UNIVERSITE - QUAI DES STATIONS PLAN DE FOURREAUX;RUE DE L UNIVERSITE;122477
125K5401106CYS00114;RUE DE L UNIVERSITE - QUAI DES STATIONS CARNET DE FIBRES OPTIQUES;RUE DE L UNIVERSITE;122478
125K5401106CYS00115;RUE DE L UNIVERSITE - QUAI DES STATIONS CARNET DE FOURREAUX;RUE DE L UNIVERSITE;122479
125K5401106CYS00116;RUE DE L UNIVERSITE - QUAI DES STATIONS CARNET DE CABLES;RUE DE L UNIVERSITE;122480
125K5401107CYP00123;SAINT ANDRE - QUAI DES STATIONS_PLAN DE FOURREAUX;SAINT ANDRE;122481
125K5401107CYS00125;SAINT ANDRE - QUAI DES STATIONS_CARNET DE FOURREAUX;SAINT ANDRE;122482
125K5401107CYS00126;SAINT ANDRE - QUAI DES STATIONS_CARNET DE CABLES;SAINT ANDRE;122483
125K610106SEH91901;RUE DE L UNIVERSITE - DOC - CARNET D'ESSAIS SOUS STATION 106 RUE DE L UNIVERSITE;RUE DE L UNIVERSITE;240281
125K610106SEP91831;RUE DE L UNIVERSITE - SOUS STATION - LISTE DES TERMES;RUE DE L UNIVERSITE;99275
125K610L1SEP91512;RUE DE L UNIVERSITE - SOUS STATION 106 - ENERGIE EQUIPEMENT SOUS STATION;RUE DE L UNIVERSITE;99272
125K610L1SEP91543;QUAI CLAUDE BERNARD - ENERGIE EQUIPEMENT LOCAL TECHNIQUE DE STATION;QUAI CLAUDE BERNARD;99202
125K610L1SEP91544;RUE DE L UNIVERSITE -  ENERGIE EQUIPEMENT LOCAL TECHNIQUE DE STATION;RUE DE L UNIVERSITE;99276
125K610L1SEP91545;SAINT ANDRE -  ENERGIE EQUIPEMENT LOCAL TECHNIQUE DE STATION;SAINT ANDRE;99228
125K611L1SEP91032;RUE DE L UNIVERSITE -  SOUS STATION - SCHEMA TABLEAU HTA;RUE DE L UNIVERSITE;99285
125K612L1SEP91102;RUE DE L UNIVERSITE - SOUS STATION 106 - TABLEAU TGBT;RUE DE L UNIVERSITE;99969
125K612L1SEP91112;RUE DE L UNIVERSITE - SOUS STATION 106 - ARMOIRE CONTROLE COMMANDE;RUE DE L UNIVERSITE;99966
125K612L1SEP91123;QUAI CLAUDE BERNARD - ARMOIRE BT LOCAL TECHNIQUE DE STATION - TDLTS;QUAI CLAUDE BERNARD;99203
125K612L1SEP91124;RUE DE L UNIVERSITE - STATION EN LIGNE - ARMOIRE BT LOCAL TECHNIQUE DE STATION  TDLTS;RUE DE L UNIVERSITE;99964
125K612L1SEP91125;SAINT ANDRE - ARMOIRE BT LOCAL TECHNIQUE DE STATION  TDLTS;SAINT ANDRE;99229
125K612L1SEP91151;QUAI CLAUDE BERNARD - ARMOIRE BT LOCAL TECHNIQUE DE STATION S.I.G;QUAI CLAUDE BERNARD;99204
125K612L1SEU91272;RUE DE L UNIVERSITE - SOUS STATION 106 - CALCUL DES CIRCUITS ENERGIE BT ALTERNATIFS DEPUIS TGBT JUSQU'AUX COFFRETS BT LTS;RUE DE L UNIVERSITE;99267
125K613L1SEP91050;RUE DE L UNIVERSITE -  ENERGIE TRACTION TABLEAU PR ET SPR;RUE DE L UNIVERSITE;99283
125K613L1SEP91052;RUE DE L UNIVERSITE - SOUS STATION 106 - SCHEMA ARMOIRE SECTIONNEMENT SPR;RUE DE L UNIVERSITE;99961
125K614L1SEP91251;RUE DE L UNIVERSITE - SOUS STATION - CENTRALE DETECTION INCENDIE - SSI;RUE DE L UNIVERSITE;99958
125K652000RKPETL80104;RUE DE L UNIVERSITE - SOUS STATION - PLAN TYPE ARMATURES PLANCHE N°3 OUVERTURES 1 2 ET3;RUE DE L UNIVERSITE;120221
125K652140RKPETL90121;RUE DE L UNIVERSITE - SOUS STATION - PLAN DE COFFRAGE VUES EN PLAN COUPES;RUE DE L UNIVERSITE;120214
125K652140RKPETL90122;RUE DE L UNIVERSITE - SOUS STATION - ARMATURES PLANCHE N°1 RADIER ET VOILES;RUE DE L UNIVERSITE;120215
125K652140RKPETL90123;RUE DE L UNIVERSITE - SOUS STATION - ARMATURES PLANCHE N°2 DALLE DE COUVERTURE;RUE DE L UNIVERSITE;120216
125K652140RKPETL90124;RUE DE L UNIVERSITE - SOUS STATION - ARMATURES PLANCHE N°3 OUVERTURES 1 2 ET 3;RUE DE L UNIVERSITE;120217
AD99AD T0100 I00000 I10 AS 002608;QUAI CLAUDE BERNARD - BILLETTIQUE -  SCHEMA RACCORDEMENT;QUAI CLAUDE BERNARD;102656
AD99AD T0140 I00000 I10 AS 002607;RUE DE L UNIVERSITE - BILLETTIQUE -  SCHEMA RACCORDEMENT;RUE DE L UNIVERSITE;102655
AD99AD T0150 I00000 I10 AS 002606;SAINT ANDRE - BILLETTIQUE SCHEMA RACCORDEMENT;SAINT ANDRE;102654
AN99AN T0100 B00000 I10 LS 000280;CONTROLES INTERNES DU LTS QUAI C . BERNARD : ETANCHEITE , BATTAGE , BETONNAGE , MESURE DE TERRE , PROCEDURE D'ESSAIS POSTES DE POMPAGE;QUAI CLAUDE BERNARD;96020
AN99ANT01103C0000I10GP000102;QUAI CLAUDE BERNARD - LTS LISTE DE TERMES GTC SIG FERROVIAIRE;QUAI CLAUDE BERNARD;121055
AN99AN T0110 3C0000 I10 GP 000202;QUAI CLAUDE BERNARD - LTS - LISTE DE TERMES GTC TAV;QUAI CLAUDE BERNARD;121202
AN99AN T0130 3C0000 I10 GP 000203;RUE DE L UNIVERSITE - LTS - LISTE DE TERMES GTC TAV;RUE DE L UNIVERSITE;121201
AN99AN T0140 3C0000 I10 GP 000002;RUE DE L UNIVERSITE - SOUS STATION LISTE DE TERMES GTC ENERGIE;RUE DE L UNIVERSITE;120923
AN99AN T0140 B00000 I10 LS 000287;CONTROLES  INTERNES DU LTS UNIVERSITE : ETANCHEITE , BATTAGE , BETONNAGE , MESURE DE TERRE , PROCEDURE D'ESSAIS POSTES DE POMPAGE;RUE DE L UNIVERSITE;96027
AN99AN T0150 3C0000 I10 GP 000204;SAINT ANDRE - LTS - LISTE DE TERMES GTC TAV;SAINT ANDRE;121200
