Chemin du fichier	Référence Fiche						Erreurs
H:\Tcl\210 à 213 - Métro C - stations\Ateliers Hénon\00  Documentation Technique\GLM0930A4SKLS00575\GLM0930A4SKLS00575.pdf	['GLM0930A4SKLS00575', 'GLM0930A4SKLS00575']						
H:\Tcl\210 à 213 - Métro C - stations\Ateliers Hénon\00  Documentation Technique\GLM0930A4SKLS00575\Referentiel Securite.bak	['GLM0930A4SKLS00575']						
H:\Tcl\210 à 213 - Métro C - stations\Ateliers Hénon\00  Documentation Technique\GLM0930A4SKLS00575\Referentiel Securite.dwg	['GLM0930A4SKLS00575']						
H:\Tcl\210 à 213 - Métro C - stations\Ateliers Hénon\00  Documentation Technique\GLM0930A4SKLS00575\fichiers PDF\BAIE INFORMATIQUE.pdf	['GLM0930A4SKLS00575']						
H:\Tcl\210 à 213 - Métro C - stations\Ateliers Hénon\00  Documentation Technique\GLM0930A4SKLS00575\fichiers PDF\CHEMINEMENT PIETONS.pdf	['GLM0930A4SKLS00575']						
H:\Tcl\210 à 213 - Métro C - stations\Ateliers Hénon\00  Documentation Technique\GLM0930A4SKLS00575\fichiers PDF\LAC.pdf	['GLM0930A4SKLS00575']						
H:\Tcl\210 à 213 - Métro C - stations\Ateliers Hénon\00  Documentation Technique\GLM0930A4SKLS00575\fichiers PDF\PDG.pdf	['GLM0930A4SKLS00575']						
H:\Tcl\210 à 213 - Métro C - stations\Ateliers Hénon\00  Documentation Technique\GLM0930A4SKLS00575\fichiers PDF\PLAN EVACUATION.pdf	['GLM0930A4SKLS00575']						
H:\Tcl\210 à 213 - Métro C - stations\Ateliers Hénon\00  Documentation Technique\GLM0930A4SKLS00575\fichiers PDF\RESEAUX.pdf	['GLM0930A4SKLS00575']						
H:\Tcl\210 à 213 - Métro C - stations\Ateliers Hénon\00  Documentation Technique\GLM0930A4SKLS00575\fichiers PDF\ZONE ATEX.pdf	['GLM0930A4SKLS00575']						
H:\Tcl\210 à 213 - Métro C - stations\Ateliers Hénon\00  Documentation Technique\GLM0930A4SKLS00575\fichiers PDF\ZONING DETAIL.pdf	['GLM0930A4SKLS00575']						
H:\Tcl\210 à 213 - Métro C - stations\Ateliers Hénon\00 Assainissement Henon\plot.log	[]						Pas ref dans le chemin
H:\Tcl\210 à 213 - Métro C - stations\Ateliers Hénon\00 Assainissement Henon\SG-10010-A.tif	['SG-10010-A']						
H:\Tcl\210 à 213 - Métro C - stations\Ateliers Hénon\00 Assainissement Henon\SG-10011-A.tif	['SG-10011-A']						
H:\Tcl\210 à 213 - Métro C - stations\Ateliers Hénon\00 Assainissement Henon\SG-60110-B.pdf	['SG-60110-B']						
H:\Tcl\210 à 213 - Métro C - stations\Ateliers Hénon\00 Assainissement Henon\ST-100012-B.pdf	['ST-100012-B']						
H:\Tcl\210 à 213 - Métro C - stations\Ateliers Hénon\00 Assainissement Henon\Thumbs.db	[]						Pas ref dans le chemin
H:\Tcl\210 à 213 - Métro C - stations\Ateliers Hénon\00 Assainissement Henon\UTMC ASSAINISSEMENT.pdf	[]						Pas ref dans le chemin
H:\Tcl\210 à 213 - Métro C - stations\Ateliers Hénon\00 Assainissement Henon\UTMC Q0 Présentation1 (1).pdf	['UTMC Q0 Présentation1 (1)']						Pas ref dans le chemin
H:\Tcl\210 à 213 - Métro C - stations\Ateliers Hénon\00 Assainissement Henon\UTMC Q0.dwg	['UTMC Q0']						Pas ref dans le chemin
H:\Tcl\210 à 213 - Métro C - stations\Ateliers Hénon\00 Batiment\Henon-Coupes.dwg	['00 Batiment']						Pas ref dans le chemin
H:\Tcl\210 à 213 - Métro C - stations\Ateliers Hénon\00 Batiment\Henon-Facades.dwg	['00 Batiment']						Pas ref dans le chemin
H:\Tcl\210 à 213 - Métro C - stations\Ateliers Hénon\00 Batiment\Henon-Masse.dwg	['00 Batiment']						Pas ref dans le chemin
H:\Tcl\210 à 213 - Métro C - stations\Ateliers Hénon\00 Batiment\Henon-Niveau0.dwg	['00 Batiment', 'Henon-Niveau0']						Pas ref dans le chemin
H:\Tcl\210 à 213 - Métro C - stations\Ateliers Hénon\00 Batiment\Henon-Niveau1.dwg	['00 Batiment', 'Henon-Niveau1']						Pas ref dans le chemin
H:\Tcl\210 à 213 - Métro C - stations\Ateliers Hénon\00 Batiment\Henon-Rephenon.dwg	['00 Batiment']						Pas ref dans le chemin
H:\Tcl\210 à 213 - Métro C - stations\Ateliers Hénon\00 Batiment\Henon-Soussol.dwg	['00 Batiment']						Pas ref dans le chemin
H:\Tcl\210 à 213 - Métro C - stations\Ateliers Hénon\00 Batiment\Thumbs.db	['00 Batiment']						Pas ref dans le chemin
H:\Tcl\210 à 213 - Métro C - stations\Ateliers Hénon\AGM09309GUKLP1850\2013 05 Emargement formation GO307 - 28-05-13.pdf	['AGM09309GUKLP1850']						Manque un zero AGM09309GUKLP01836
H:\Tcl\210 à 213 - Métro C - stations\Ateliers Hénon\AGM09309GUKLP1850\PAGE DE GARDE.doc	['AGM09309GUKLP1850']						Manque un zero AGM09309GUKLP01837
H:\Tcl\210 à 213 - Métro C - stations\Ateliers Hénon\AGM09309GUKLP1850\SOMMAIRE.doc	['AGM09309GUKLP1850']						Manque un zero AGM09309GUKLP01838
H:\Tcl\210 à 213 - Métro C - stations\Ateliers Hénon\AGM09309GUKLP1850\PARTIE 1 - DOCUMENTATION ET PLAN\Documentation opérateur\FONCTION TEF.pdf	['AGM09309GUKLP1850', 'PARTIE 1 - DOCUMENTATION ET PLAN']						Manque un zero AGM09309GUKLP01839
H:\Tcl\210 à 213 - Métro C - stations\Ateliers Hénon\AGM09309GUKLP1850\PARTIE 1 - DOCUMENTATION ET PLAN\Documentation opérateur\MANUEL OPERATEUR PAS A PAS LYON.pdf	['AGM09309GUKLP1850', 'PARTIE 1 - DOCUMENTATION ET PLAN']						Manque un zero AGM09309GUKLP01840
H:\Tcl\210 à 213 - Métro C - stations\Ateliers Hénon\AGM09309GUKLP1850\PARTIE 1 - DOCUMENTATION ET PLAN\Documentation opérateur\SIEMENS\cycles de mesure.pdf	['AGM09309GUKLP1850', 'PARTIE 1 - DOCUMENTATION ET PLAN']						Manque un zero AGM09309GUKLP01841
H:\Tcl\210 à 213 - Métro C - stations\Ateliers Hénon\AGM09309GUKLP1850\PARTIE 1 - DOCUMENTATION ET PLAN\Documentation opérateur\SIEMENS\instructions succinctes programmation.pdf	['AGM09309GUKLP1850', 'PARTIE 1 - DOCUMENTATION ET PLAN']						Manque un zero AGM09309GUKLP01842
H:\Tcl\210 à 213 - Métro C - stations\Ateliers Hénon\AGM09309GUKLP1850\PARTIE 1 - DOCUMENTATION ET PLAN\Documentation opérateur\SIEMENS\Instructions succinctes utilisation.pdf	['AGM09309GUKLP1850', 'PARTIE 1 - DOCUMENTATION ET PLAN']						Manque un zero AGM09309GUKLP01843
H:\Tcl\210 à 213 - Métro C - stations\Ateliers Hénon\AGM09309GUKLP1850\PARTIE 1 - DOCUMENTATION ET PLAN\Documentation opérateur\SIEMENS\Manuel d'utilisation.pdf	['AGM09309GUKLP1850', 'PARTIE 1 - DOCUMENTATION ET PLAN']						Manque un zero AGM09309GUKLP01844
H:\Tcl\210 à 213 - Métro C - stations\Ateliers Hénon\AGM09309GUKLP1850\PARTIE 1 - DOCUMENTATION ET PLAN\Documentation opérateur\SIEMENS\Manuel de diagnostic.pdf	['AGM09309GUKLP1850', 'PARTIE 1 - DOCUMENTATION ET PLAN']						Manque un zero AGM09309GUKLP01845
H:\Tcl\210 à 213 - Métro C - stations\Ateliers Hénon\AGM09309GUKLP1850\PARTIE 1 - DOCUMENTATION ET PLAN\Documentation opérateur\SIEMENS\Manuel de programmation notion complementaires.pdf	['AGM09309GUKLP1850', 'PARTIE 1 - DOCUMENTATION ET PLAN']						Manque un zero AGM09309GUKLP01846
H:\Tcl\210 à 213 - Métro C - stations\Ateliers Hénon\AGM09309GUKLP1850\PARTIE 1 - DOCUMENTATION ET PLAN\Documentation opérateur\SIEMENS\Manuel de programmation notion de base.pdf	['AGM09309GUKLP1850', 'PARTIE 1 - DOCUMENTATION ET PLAN']						Manque un zero AGM09309GUKLP01847
H:\Tcl\210 à 213 - Métro C - stations\Ateliers Hénon\AGM09309GUKLP1850\PARTIE 1 - DOCUMENTATION ET PLAN\Documentation opérateur\SIEMENS\Programmation cycles.pdf	['AGM09309GUKLP1850', 'PARTIE 1 - DOCUMENTATION ET PLAN']						Manque un zero AGM09309GUKLP01848
H:\Tcl\210 à 213 - Métro C - stations\Ateliers Hénon\AGM09309GUKLP1850\PARTIE 1 - DOCUMENTATION ET PLAN\Plan\204408 - A - ENSEMBLE TETE DE MESURE.pdf	['AGM09309GUKLP1850', 'PARTIE 1 - DOCUMENTATION ET PLAN']						Manque un zero AGM09309GUKLP01849
H:\Tcl\210 à 213 - Métro C - stations\Ateliers Hénon\AGM09309GUKLP1850\PARTIE 2 - ELECTRIQUE\Autorun.inf	['AGM09309GUKLP1850', 'PARTIE 2 - ELECTRIQUE']						Manque un zero AGM09309GUKLP01850
H:\Tcl\210 à 213 - Métro C - stations\Ateliers Hénon\AGM09309GUKLP1850\PARTIE 2 - ELECTRIQUE\BACKGRND.GIF	['AGM09309GUKLP1850', 'PARTIE 2 - ELECTRIQUE']						Manque un zero AGM09309GUKLP01851
H:\Tcl\210 à 213 - Métro C - stations\Ateliers Hénon\AGM09309GUKLP1850\PARTIE 2 - ELECTRIQUE\Menu.exe	['AGM09309GUKLP1850', 'PARTIE 2 - ELECTRIQUE']						Manque un zero AGM09309GUKLP01852
H:\Tcl\210 à 213 - Métro C - stations\Ateliers Hénon\AGM09309GUKLP1850\PARTIE 2 - ELECTRIQUE\qmb.exe	['AGM09309GUKLP1850', 'PARTIE 2 - ELECTRIQUE']						Manque un zero AGM09309GUKLP01853
H:\Tcl\210 à 213 - Métro C - stations\Ateliers Hénon\AGM09309GUKLP1850\PARTIE 2 - ELECTRIQUE\SMP.bmp	['AGM09309GUKLP1850', 'PARTIE 2 - ELECTRIQUE']						Manque un zero AGM09309GUKLP01854
H:\Tcl\210 à 213 - Métro C - stations\Ateliers Hénon\AGM09309GUKLP1850\PARTIE 2 - ELECTRIQUE\SMP.ico	['AGM09309GUKLP1850', 'PARTIE 2 - ELECTRIQUE']						Manque un zero AGM09309GUKLP01855
H:\Tcl\210 à 213 - Métro C - stations\Ateliers Hénon\AGM09309GUKLP1850\PARTIE 2 - ELECTRIQUE\Thumbs.db	['AGM09309GUKLP1850', 'PARTIE 2 - ELECTRIQUE']						Manque un zero AGM09309GUKLP01856
H:\Tcl\210 à 213 - Métro C - stations\Ateliers Hénon\AGM09309GUKLP1850\PARTIE 2 - ELECTRIQUE\Sauvegardes machine\Archive CN\CN130530.ARC	['AGM09309GUKLP1850', 'PARTIE 2 - ELECTRIQUE', 'CN130530']						Manque un zero AGM09309GUKLP01857
H:\Tcl\210 à 213 - Métro C - stations\Ateliers Hénon\AGM09309GUKLP1850\PARTIE 2 - ELECTRIQUE\Sauvegardes machine\Archive CN\CN230513.ARC	['AGM09309GUKLP1850', 'PARTIE 2 - ELECTRIQUE', 'CN230513']						Manque un zero AGM09309GUKLP01858
H:\Tcl\210 à 213 - Métro C - stations\Ateliers Hénon\AGM09309GUKLP1850\PARTIE 2 - ELECTRIQUE\Sauvegardes machine\Archive CN\DP150513.ARC	['AGM09309GUKLP1850', 'PARTIE 2 - ELECTRIQUE', 'DP150513']						Manque un zero AGM09309GUKLP01859
H:\Tcl\210 à 213 - Métro C - stations\Ateliers Hénon\AGM09309GUKLP1850\PARTIE 2 - ELECTRIQUE\Sauvegardes machine\Archive PLC\AP130530.ARC	['AGM09309GUKLP1850', 'PARTIE 2 - ELECTRIQUE', 'AP130530']						Manque un zero AGM09309GUKLP01860
H:\Tcl\210 à 213 - Métro C - stations\Ateliers Hénon\AGM09309GUKLP1850\PARTIE 2 - ELECTRIQUE\Sauvegardes machine\Donnees CN actives\paramètres R\param_R texte.txt	['AGM09309GUKLP1850', 'PARTIE 2 - ELECTRIQUE', 'param_R texte']						Manque un zero AGM09309GUKLP01861
H:\Tcl\210 à 213 - Métro C - stations\Ateliers Hénon\AGM09309GUKLP1850\PARTIE 2 - ELECTRIQUE\Sauvegardes machine\Dossier electrique\TOUR_TF15_LYON.pdf	['AGM09309GUKLP1850', 'PARTIE 2 - ELECTRIQUE', 'TOUR_TF15_LYON']						Manque un zero AGM09309GUKLP01862
H:\Tcl\210 à 213 - Métro C - stations\Ateliers Hénon\AGM09309GUKLP1850\PARTIE 2 - ELECTRIQUE\Sauvegardes machine\Programmes pieces\Programmes piecès\prog_usinage texte.txt	['AGM09309GUKLP1850', 'PARTIE 2 - ELECTRIQUE', 'prog_usinage texte']						Manque un zero AGM09309GUKLP01863
H:\Tcl\210 à 213 - Métro C - stations\Ateliers Hénon\AGM09309GUKLP1850\PARTIE 2 - ELECTRIQUE\Sauvegardes machine\Programmes pieces\Sous programmes\jauges_g texte.txt	['AGM09309GUKLP1850', 'PARTIE 2 - ELECTRIQUE', 'jauges_g texte']						Manque un zero AGM09309GUKLP01864
H:\Tcl\210 à 213 - Métro C - stations\Ateliers Hénon\AGM09309GUKLP1850\PARTIE 2 - ELECTRIQUE\Sauvegardes machine\Programmes pieces\Sous programmes\jauge_d texte.txt	['AGM09309GUKLP1850', 'PARTIE 2 - ELECTRIQUE', 'jauge_d texte']						Manque un zero AGM09309GUKLP01865
H:\Tcl\210 à 213 - Métro C - stations\Ateliers Hénon\AGM09309GUKLP1850\PARTIE 2 - ELECTRIQUE\Sauvegardes machine\Programmes pieces\Sous programmes\mesure_av_d texte.txt	['AGM09309GUKLP1850', 'PARTIE 2 - ELECTRIQUE', 'mesure_av_d texte']						Manque un zero AGM09309GUKLP01866
H:\Tcl\210 à 213 - Métro C - stations\Ateliers Hénon\AGM09309GUKLP1850\PARTIE 2 - ELECTRIQUE\Sauvegardes machine\Programmes pieces\Sous programmes\mesure_av_g texte.txt	['AGM09309GUKLP1850', 'PARTIE 2 - ELECTRIQUE', 'mesure_av_g texte']						Manque un zero AGM09309GUKLP01867
H:\Tcl\210 à 213 - Métro C - stations\Ateliers Hénon\AGM09309GUKLP1850\PARTIE 2 - ELECTRIQUE\Sauvegardes machine\Programmes pieces\Sous programmes\mise_en_place texte.txt	['AGM09309GUKLP1850', 'PARTIE 2 - ELECTRIQUE', 'mise_en_place texte']						Manque un zero AGM09309GUKLP01868
H:\Tcl\210 à 213 - Métro C - stations\Ateliers Hénon\AGM09309GUKLP1850\PARTIE 2 - ELECTRIQUE\Sauvegardes machine\Programmes pieces\Sous programmes\prof_v_d texte.txt	['AGM09309GUKLP1850', 'PARTIE 2 - ELECTRIQUE', 'prof_v_d texte']						Manque un zero AGM09309GUKLP01869
H:\Tcl\210 à 213 - Métro C - stations\Ateliers Hénon\AGM09309GUKLP1850\PARTIE 2 - ELECTRIQUE\Sauvegardes machine\Programmes pieces\Sous programmes\prof_v_g texte.txt	['AGM09309GUKLP1850', 'PARTIE 2 - ELECTRIQUE', 'prof_v_g texte']						Manque un zero AGM09309GUKLP01870
H:\Tcl\210 à 213 - Métro C - stations\Ateliers Hénon\AGM09309GUKLP1850\PARTIE 2 - ELECTRIQUE\Sauvegardes machine\Programmes pieces\Sous programmes\prog_retrait texte.txt	['AGM09309GUKLP1850', 'PARTIE 2 - ELECTRIQUE', 'prog_retrait texte']						Manque un zero AGM09309GUKLP01871
H:\Tcl\210 à 213 - Métro C - stations\Ateliers Hénon\AGM09309GUKLP1850\PARTIE 2 - ELECTRIQUE\SRC\Btn.ini	['AGM09309GUKLP1850', 'PARTIE 2 - ELECTRIQUE']						Manque un zero AGM09309GUKLP01872
H:\Tcl\210 à 213 - Métro C - stations\Ateliers Hénon\AGM09309GUKLP1850\PARTIE 2 - ELECTRIQUE\SRC\Clic.wav	['AGM09309GUKLP1850', 'PARTIE 2 - ELECTRIQUE']						Manque un zero AGM09309GUKLP01873
H:\Tcl\210 à 213 - Métro C - stations\Ateliers Hénon\AGM09309GUKLP1850\PARTIE 2 - ELECTRIQUE\SRC\Hover.bmp	['AGM09309GUKLP1850', 'PARTIE 2 - ELECTRIQUE']						Manque un zero AGM09309GUKLP01874
H:\Tcl\210 à 213 - Métro C - stations\Ateliers Hénon\AGM09309GUKLP1850\PARTIE 2 - ELECTRIQUE\SRC\Hover.wav	['AGM09309GUKLP1850', 'PARTIE 2 - ELECTRIQUE']						Manque un zero AGM09309GUKLP01875
H:\Tcl\210 à 213 - Métro C - stations\Ateliers Hénon\AGM09309GUKLP1850\PARTIE 2 - ELECTRIQUE\SRC\Info.txt	['AGM09309GUKLP1850', 'PARTIE 2 - ELECTRIQUE']						Manque un zero AGM09309GUKLP01876
H:\Tcl\210 à 213 - Métro C - stations\Ateliers Hénon\AGM09309GUKLP1850\PARTIE 2 - ELECTRIQUE\SRC\Main.bmp	['AGM09309GUKLP1850', 'PARTIE 2 - ELECTRIQUE']						Manque un zero AGM09309GUKLP01877
H:\Tcl\210 à 213 - Métro C - stations\Ateliers Hénon\AGM09309GUKLP1850\PARTIE 2 - ELECTRIQUE\SRC\mpeg.dll	['AGM09309GUKLP1850', 'PARTIE 2 - ELECTRIQUE']						Manque un zero AGM09309GUKLP01878
H:\Tcl\210 à 213 - Métro C - stations\Ateliers Hénon\AGM09309GUKLP1850\PARTIE 2 - ELECTRIQUE\SRC\Note.rtf	['AGM09309GUKLP1850', 'PARTIE 2 - ELECTRIQUE']						Manque un zero AGM09309GUKLP01879
H:\Tcl\210 à 213 - Métro C - stations\Ateliers Hénon\AGM09309GUKLP1850\PARTIE 2 - ELECTRIQUE\SRC\splash.jpg	['AGM09309GUKLP1850', 'PARTIE 2 - ELECTRIQUE']						Manque un zero AGM09309GUKLP01880
H:\Tcl\210 à 213 - Métro C - stations\Ateliers Hénon\AGM09309GUKLP1850\PARTIE 2 - ELECTRIQUE\SRC\Start.wav	['AGM09309GUKLP1850', 'PARTIE 2 - ELECTRIQUE']						Manque un zero AGM09309GUKLP01881
H:\Tcl\210 à 213 - Métro C - stations\Ateliers Hénon\AGM09309GUKLP1850\PARTIE 2 - ELECTRIQUE\SRC\Thumbs.db	['AGM09309GUKLP1850', 'PARTIE 2 - ELECTRIQUE']						Manque un zero AGM09309GUKLP01882
H:\Tcl\210 à 213 - Métro C - stations\Ateliers Hénon\AGM09309GUKLP1850\PARTIE 2 - ELECTRIQUE\SRC\DOCUMENTATION\Btn.ini	['AGM09309GUKLP1850', 'PARTIE 2 - ELECTRIQUE']						Manque un zero AGM09309GUKLP01883
H:\Tcl\210 à 213 - Métro C - stations\Ateliers Hénon\AGM09309GUKLP1850\PARTIE 2 - ELECTRIQUE\SRC\DOCUMENTATION\Clic.wav	['AGM09309GUKLP1850', 'PARTIE 2 - ELECTRIQUE']						Manque un zero AGM09309GUKLP01884
H:\Tcl\210 à 213 - Métro C - stations\Ateliers Hénon\AGM09309GUKLP1850\PARTIE 2 - ELECTRIQUE\SRC\DOCUMENTATION\documentation.qmb	['AGM09309GUKLP1850', 'PARTIE 2 - ELECTRIQUE']						Manque un zero AGM09309GUKLP01885
H:\Tcl\210 à 213 - Métro C - stations\Ateliers Hénon\AGM09309GUKLP1850\PARTIE 2 - ELECTRIQUE\SRC\DOCUMENTATION\Hover.bmp	['AGM09309GUKLP1850', 'PARTIE 2 - ELECTRIQUE']						Manque un zero AGM09309GUKLP01886
H:\Tcl\210 à 213 - Métro C - stations\Ateliers Hénon\AGM09309GUKLP1850\PARTIE 2 - ELECTRIQUE\SRC\DOCUMENTATION\Hover.wav	['AGM09309GUKLP1850', 'PARTIE 2 - ELECTRIQUE']						Manque un zero AGM09309GUKLP01887
H:\Tcl\210 à 213 - Métro C - stations\Ateliers Hénon\AGM09309GUKLP1850\PARTIE 2 - ELECTRIQUE\SRC\DOCUMENTATION\Info.txt	['AGM09309GUKLP1850', 'PARTIE 2 - ELECTRIQUE']						Manque un zero AGM09309GUKLP01888
H:\Tcl\210 à 213 - Métro C - stations\Ateliers Hénon\AGM09309GUKLP1850\PARTIE 2 - ELECTRIQUE\SRC\DOCUMENTATION\Main.bmp	['AGM09309GUKLP1850', 'PARTIE 2 - ELECTRIQUE']						Manque un zero AGM09309GUKLP01889
H:\Tcl\210 à 213 - Métro C - stations\Ateliers Hénon\AGM09309GUKLP1850\PARTIE 2 - ELECTRIQUE\SRC\DOCUMENTATION\mpeg.dll	['AGM09309GUKLP1850', 'PARTIE 2 - ELECTRIQUE']						Manque un zero AGM09309GUKLP01890
H:\Tcl\210 à 213 - Métro C - stations\Ateliers Hénon\AGM09309GUKLP1850\PARTIE 2 - ELECTRIQUE\SRC\DOCUMENTATION\Note.rtf	['AGM09309GUKLP1850', 'PARTIE 2 - ELECTRIQUE']						Manque un zero AGM09309GUKLP01891
H:\Tcl\210 à 213 - Métro C - stations\Ateliers Hénon\AGM09309GUKLP1850\PARTIE 2 - ELECTRIQUE\SRC\DOCUMENTATION\Thumbs.db	['AGM09309GUKLP1850', 'PARTIE 2 - ELECTRIQUE']						Manque un zero AGM09309GUKLP01892
H:\Tcl\210 à 213 - Métro C - stations\Ateliers Hénon\AGM09309GUKLP1850\PARTIE 2 - ELECTRIQUE\SRC\GENERAL\Btn.ini	['AGM09309GUKLP1850', 'PARTIE 2 - ELECTRIQUE']						Manque un zero AGM09309GUKLP01893
H:\Tcl\210 à 213 - Métro C - stations\Ateliers Hénon\AGM09309GUKLP1850\PARTIE 2 - ELECTRIQUE\SRC\GENERAL\Clic.wav	['AGM09309GUKLP1850', 'PARTIE 2 - ELECTRIQUE']						Manque un zero AGM09309GUKLP01894
H:\Tcl\210 à 213 - Métro C - stations\Ateliers Hénon\AGM09309GUKLP1850\PARTIE 2 - ELECTRIQUE\SRC\GENERAL\Hover.bmp	['AGM09309GUKLP1850', 'PARTIE 2 - ELECTRIQUE']						Manque un zero AGM09309GUKLP01895
H:\Tcl\210 à 213 - Métro C - stations\Ateliers Hénon\AGM09309GUKLP1850\PARTIE 2 - ELECTRIQUE\SRC\GENERAL\Hover.wav	['AGM09309GUKLP1850', 'PARTIE 2 - ELECTRIQUE']						Manque un zero AGM09309GUKLP01896
H:\Tcl\210 à 213 - Métro C - stations\Ateliers Hénon\AGM09309GUKLP1850\PARTIE 2 - ELECTRIQUE\SRC\GENERAL\Info.txt	['AGM09309GUKLP1850', 'PARTIE 2 - ELECTRIQUE']						Manque un zero AGM09309GUKLP01897
H:\Tcl\210 à 213 - Métro C - stations\Ateliers Hénon\AGM09309GUKLP1850\PARTIE 2 - ELECTRIQUE\SRC\GENERAL\Main.bmp	['AGM09309GUKLP1850', 'PARTIE 2 - ELECTRIQUE']						Manque un zero AGM09309GUKLP01898
H:\Tcl\210 à 213 - Métro C - stations\Ateliers Hénon\AGM09309GUKLP1850\PARTIE 2 - ELECTRIQUE\SRC\GENERAL\mpeg.dll	['AGM09309GUKLP1850', 'PARTIE 2 - ELECTRIQUE']						Manque un zero AGM09309GUKLP01899
H:\Tcl\210 à 213 - Métro C - stations\Ateliers Hénon\AGM09309GUKLP1850\PARTIE 2 - ELECTRIQUE\SRC\GENERAL\Note.rtf	['AGM09309GUKLP1850', 'PARTIE 2 - ELECTRIQUE']						Manque un zero AGM09309GUKLP01900
H:\Tcl\210 à 213 - Métro C - stations\Ateliers Hénon\AGM09309GUKLP1850\PARTIE 2 - ELECTRIQUE\SRC\GENERAL\Thumbs.db	['AGM09309GUKLP1850', 'PARTIE 2 - ELECTRIQUE']						Manque un zero AGM09309GUKLP01901
H:\Tcl\210 à 213 - Métro C - stations\Ateliers Hénon\AGM09309GUKLP1850\PARTIE 2 - ELECTRIQUE\SRC\SAUVEGARDE\Btn.ini	['AGM09309GUKLP1850', 'PARTIE 2 - ELECTRIQUE']						Manque un zero AGM09309GUKLP01902
H:\Tcl\210 à 213 - Métro C - stations\Ateliers Hénon\AGM09309GUKLP1850\PARTIE 2 - ELECTRIQUE\SRC\SAUVEGARDE\Clic.wav	['AGM09309GUKLP1850', 'PARTIE 2 - ELECTRIQUE']						Manque un zero AGM09309GUKLP01903
H:\Tcl\210 à 213 - Métro C - stations\Ateliers Hénon\AGM09309GUKLP1850\PARTIE 2 - ELECTRIQUE\SRC\SAUVEGARDE\Hover.bmp	['AGM09309GUKLP1850', 'PARTIE 2 - ELECTRIQUE']						Manque un zero AGM09309GUKLP01904
H:\Tcl\210 à 213 - Métro C - stations\Ateliers Hénon\AGM09309GUKLP1850\PARTIE 2 - ELECTRIQUE\SRC\SAUVEGARDE\Hover.wav	['AGM09309GUKLP1850', 'PARTIE 2 - ELECTRIQUE']						Manque un zero AGM09309GUKLP01905
H:\Tcl\210 à 213 - Métro C - stations\Ateliers Hénon\AGM09309GUKLP1850\PARTIE 2 - ELECTRIQUE\SRC\SAUVEGARDE\Info.txt	['AGM09309GUKLP1850', 'PARTIE 2 - ELECTRIQUE']						Manque un zero AGM09309GUKLP01906
H:\Tcl\210 à 213 - Métro C - stations\Ateliers Hénon\AGM09309GUKLP1850\PARTIE 2 - ELECTRIQUE\SRC\SAUVEGARDE\Main.bmp	['AGM09309GUKLP1850', 'PARTIE 2 - ELECTRIQUE']						Manque un zero AGM09309GUKLP01907
H:\Tcl\210 à 213 - Métro C - stations\Ateliers Hénon\AGM09309GUKLP1850\PARTIE 2 - ELECTRIQUE\SRC\SAUVEGARDE\mpeg.dll	['AGM09309GUKLP1850', 'PARTIE 2 - ELECTRIQUE']						Manque un zero AGM09309GUKLP01908
H:\Tcl\210 à 213 - Métro C - stations\Ateliers Hénon\AGM09309GUKLP1850\PARTIE 2 - ELECTRIQUE\SRC\SAUVEGARDE\Note.rtf	['AGM09309GUKLP1850', 'PARTIE 2 - ELECTRIQUE']						Manque un zero AGM09309GUKLP01909
H:\Tcl\210 à 213 - Métro C - stations\Ateliers Hénon\AGM09309GUKLP1850\PARTIE 2 - ELECTRIQUE\SRC\SAUVEGARDE\Thumbs.db	['AGM09309GUKLP1850', 'PARTIE 2 - ELECTRIQUE']						Manque un zero AGM09309GUKLP01910
H:\Tcl\210 à 213 - Métro C - stations\Ateliers Hénon\AQ00AQ X0000 0730 ST-415680\AQ00AQ X0000 0730 ST-415680.tif	['AQ00AQ X0000 0730 ST-415680', 'AQ00AQ X0000 0730 ST-415680']						
H:\Tcl\210 à 213 - Métro C - stations\Ateliers Hénon\AQ00AQ X0000 0730 ST-415680\Thumbs.db	['AQ00AQ X0000 0730 ST-415680']						
H:\Tcl\210 à 213 - Métro C - stations\Ateliers Hénon\AQ00AQX00000000SM10202\AQ00AQX00000000SM10202.pdf	['AQ00AQX00000000SM10202', 'AQ00AQX00000000SM10202']						
H:\Tcl\210 à 213 - Métro C - stations\Ateliers Hénon\AQ00AQX00000730ST415680\AQ00AQ X0000 0730 ST-415680.tif	['AQ00AQX00000730ST415680', 'AQ00AQ X0000 0730 ST-415680']						
H:\Tcl\210 à 213 - Métro C - stations\Ateliers Hénon\AQ00AQX00000730ST415680\Thumbs.db	['AQ00AQX00000730ST415680']						
H:\Tcl\210 à 213 - Métro C - stations\Ateliers Hénon\AQ00AQX00000730ST415690\AQ00AQ X0000 0730 ST-415690.tif	['AQ00AQX00000730ST415690', 'AQ00AQ X0000 0730 ST-415690']						
H:\Tcl\210 à 213 - Métro C - stations\Ateliers Hénon\AQ00AQX00000730ST415690\AQ00AQ X0000 0730 ST-415690F01.tif	['AQ00AQX00000730ST415690', 'AQ00AQ X0000 0730 ST-415690F01']						
H:\Tcl\210 à 213 - Métro C - stations\Ateliers Hénon\AQ00AQX00000730ST415690\AQ00AQ X0000 0730 ST-415690F02.tif	['AQ00AQX00000730ST415690', 'AQ00AQ X0000 0730 ST-415690F02']						
H:\Tcl\210 à 213 - Métro C - stations\Ateliers Hénon\AQ00AQX00000730ST415690\Thumbs.db	['AQ00AQX00000730ST415690']						
H:\Tcl\210 à 213 - Métro C - stations\Ateliers Hénon\DOE smp\2013 05 Emargement formation GO307 - 28-05-13.pdf	[]						Pas ref dans le chemin
H:\Tcl\210 à 213 - Métro C - stations\Ateliers Hénon\DOE smp\PAGE DE GARDE.doc	[]						Pas ref dans le chemin
H:\Tcl\210 à 213 - Métro C - stations\Ateliers Hénon\DOE smp\SOMMAIRE.doc	[]						Pas ref dans le chemin
H:\Tcl\210 à 213 - Métro C - stations\Ateliers Hénon\DOE smp\PARTIE 1 - DOCUMENTATION ET PLAN\Documentation opérateur\FONCTION TEF.pdf	['PARTIE 1 - DOCUMENTATION ET PLAN']						Pas ref dans le chemin
H:\Tcl\210 à 213 - Métro C - stations\Ateliers Hénon\DOE smp\PARTIE 1 - DOCUMENTATION ET PLAN\Documentation opérateur\MANUEL OPERATEUR PAS A PAS LYON.pdf	['PARTIE 1 - DOCUMENTATION ET PLAN']						Pas ref dans le chemin
H:\Tcl\210 à 213 - Métro C - stations\Ateliers Hénon\DOE smp\PARTIE 1 - DOCUMENTATION ET PLAN\Documentation opérateur\SIEMENS\cycles de mesure.pdf	['PARTIE 1 - DOCUMENTATION ET PLAN']						Pas ref dans le chemin
H:\Tcl\210 à 213 - Métro C - stations\Ateliers Hénon\DOE smp\PARTIE 1 - DOCUMENTATION ET PLAN\Documentation opérateur\SIEMENS\instructions succinctes programmation.pdf	['PARTIE 1 - DOCUMENTATION ET PLAN']						Pas ref dans le chemin
H:\Tcl\210 à 213 - Métro C - stations\Ateliers Hénon\DOE smp\PARTIE 1 - DOCUMENTATION ET PLAN\Documentation opérateur\SIEMENS\Instructions succinctes utilisation.pdf	['PARTIE 1 - DOCUMENTATION ET PLAN']						Pas ref dans le chemin
H:\Tcl\210 à 213 - Métro C - stations\Ateliers Hénon\DOE smp\PARTIE 1 - DOCUMENTATION ET PLAN\Documentation opérateur\SIEMENS\Manuel d'utilisation.pdf	['PARTIE 1 - DOCUMENTATION ET PLAN']						Pas ref dans le chemin
H:\Tcl\210 à 213 - Métro C - stations\Ateliers Hénon\DOE smp\PARTIE 1 - DOCUMENTATION ET PLAN\Documentation opérateur\SIEMENS\Manuel de diagnostic.pdf	['PARTIE 1 - DOCUMENTATION ET PLAN']						Pas ref dans le chemin
H:\Tcl\210 à 213 - Métro C - stations\Ateliers Hénon\DOE smp\PARTIE 1 - DOCUMENTATION ET PLAN\Documentation opérateur\SIEMENS\Manuel de programmation notion complementaires.pdf	['PARTIE 1 - DOCUMENTATION ET PLAN']						Pas ref dans le chemin
H:\Tcl\210 à 213 - Métro C - stations\Ateliers Hénon\DOE smp\PARTIE 1 - DOCUMENTATION ET PLAN\Documentation opérateur\SIEMENS\Manuel de programmation notion de base.pdf	['PARTIE 1 - DOCUMENTATION ET PLAN']						Pas ref dans le chemin
H:\Tcl\210 à 213 - Métro C - stations\Ateliers Hénon\DOE smp\PARTIE 1 - DOCUMENTATION ET PLAN\Documentation opérateur\SIEMENS\Programmation cycles.pdf	['PARTIE 1 - DOCUMENTATION ET PLAN']						Pas ref dans le chemin
H:\Tcl\210 à 213 - Métro C - stations\Ateliers Hénon\DOE smp\PARTIE 1 - DOCUMENTATION ET PLAN\Plan\204408 - A - ENSEMBLE TETE DE MESURE.pdf	['PARTIE 1 - DOCUMENTATION ET PLAN']						Pas ref dans le chemin
H:\Tcl\210 à 213 - Métro C - stations\Ateliers Hénon\DOE smp\PARTIE 2 - ELECTRIQUE\Autorun.inf	['PARTIE 2 - ELECTRIQUE']						Pas ref dans le chemin
H:\Tcl\210 à 213 - Métro C - stations\Ateliers Hénon\DOE smp\PARTIE 2 - ELECTRIQUE\BACKGRND.GIF	['PARTIE 2 - ELECTRIQUE']						Pas ref dans le chemin
H:\Tcl\210 à 213 - Métro C - stations\Ateliers Hénon\DOE smp\PARTIE 2 - ELECTRIQUE\Menu.exe	['PARTIE 2 - ELECTRIQUE']						Pas ref dans le chemin
H:\Tcl\210 à 213 - Métro C - stations\Ateliers Hénon\DOE smp\PARTIE 2 - ELECTRIQUE\qmb.exe	['PARTIE 2 - ELECTRIQUE']						Pas ref dans le chemin
H:\Tcl\210 à 213 - Métro C - stations\Ateliers Hénon\DOE smp\PARTIE 2 - ELECTRIQUE\SMP.bmp	['PARTIE 2 - ELECTRIQUE']						Pas ref dans le chemin
H:\Tcl\210 à 213 - Métro C - stations\Ateliers Hénon\DOE smp\PARTIE 2 - ELECTRIQUE\SMP.ico	['PARTIE 2 - ELECTRIQUE']						Pas ref dans le chemin
H:\Tcl\210 à 213 - Métro C - stations\Ateliers Hénon\DOE smp\PARTIE 2 - ELECTRIQUE\Sauvegardes machine\Archive CN\CN130530.ARC	['PARTIE 2 - ELECTRIQUE', 'CN130530']						C'est une ref?
H:\Tcl\210 à 213 - Métro C - stations\Ateliers Hénon\DOE smp\PARTIE 2 - ELECTRIQUE\Sauvegardes machine\Archive CN\CN230513.ARC	['PARTIE 2 - ELECTRIQUE', 'CN230513']						C'est une ref?
H:\Tcl\210 à 213 - Métro C - stations\Ateliers Hénon\DOE smp\PARTIE 2 - ELECTRIQUE\Sauvegardes machine\Archive CN\DP150513.ARC	['PARTIE 2 - ELECTRIQUE', 'DP150513']						C'est une ref?
H:\Tcl\210 à 213 - Métro C - stations\Ateliers Hénon\DOE smp\PARTIE 2 - ELECTRIQUE\Sauvegardes machine\Archive PLC\AP130530.ARC	['PARTIE 2 - ELECTRIQUE', 'AP130530']						C'est une ref?
H:\Tcl\210 à 213 - Métro C - stations\Ateliers Hénon\DOE smp\PARTIE 2 - ELECTRIQUE\Sauvegardes machine\Donnees CN actives\paramètres R\param_R texte.txt	['PARTIE 2 - ELECTRIQUE', 'param_R texte']						Pas ref dans le chemin
H:\Tcl\210 à 213 - Métro C - stations\Ateliers Hénon\DOE smp\PARTIE 2 - ELECTRIQUE\Sauvegardes machine\Dossier electrique\TOUR_TF15_LYON.pdf	['PARTIE 2 - ELECTRIQUE', 'TOUR_TF15_LYON']						Pas ref dans le chemin
H:\Tcl\210 à 213 - Métro C - stations\Ateliers Hénon\DOE smp\PARTIE 2 - ELECTRIQUE\Sauvegardes machine\Programmes pieces\Programmes piecès\prog_usinage texte.txt	['PARTIE 2 - ELECTRIQUE', 'prog_usinage texte']						Pas ref dans le chemin
H:\Tcl\210 à 213 - Métro C - stations\Ateliers Hénon\DOE smp\PARTIE 2 - ELECTRIQUE\Sauvegardes machine\Programmes pieces\Sous programmes\jauges_g texte.txt	['PARTIE 2 - ELECTRIQUE', 'jauges_g texte']						Pas ref dans le chemin
H:\Tcl\210 à 213 - Métro C - stations\Ateliers Hénon\DOE smp\PARTIE 2 - ELECTRIQUE\Sauvegardes machine\Programmes pieces\Sous programmes\jauge_d texte.txt	['PARTIE 2 - ELECTRIQUE', 'jauge_d texte']						Pas ref dans le chemin
H:\Tcl\210 à 213 - Métro C - stations\Ateliers Hénon\DOE smp\PARTIE 2 - ELECTRIQUE\Sauvegardes machine\Programmes pieces\Sous programmes\mesure_av_d texte.txt	['PARTIE 2 - ELECTRIQUE', 'mesure_av_d texte']						Pas ref dans le chemin
H:\Tcl\210 à 213 - Métro C - stations\Ateliers Hénon\DOE smp\PARTIE 2 - ELECTRIQUE\Sauvegardes machine\Programmes pieces\Sous programmes\mesure_av_g texte.txt	['PARTIE 2 - ELECTRIQUE', 'mesure_av_g texte']						Pas ref dans le chemin
H:\Tcl\210 à 213 - Métro C - stations\Ateliers Hénon\DOE smp\PARTIE 2 - ELECTRIQUE\Sauvegardes machine\Programmes pieces\Sous programmes\mise_en_place texte.txt	['PARTIE 2 - ELECTRIQUE', 'mise_en_place texte']						Pas ref dans le chemin
H:\Tcl\210 à 213 - Métro C - stations\Ateliers Hénon\DOE smp\PARTIE 2 - ELECTRIQUE\Sauvegardes machine\Programmes pieces\Sous programmes\prof_v_d texte.txt	['PARTIE 2 - ELECTRIQUE', 'prof_v_d texte']						Pas ref dans le chemin
H:\Tcl\210 à 213 - Métro C - stations\Ateliers Hénon\DOE smp\PARTIE 2 - ELECTRIQUE\Sauvegardes machine\Programmes pieces\Sous programmes\prof_v_g texte.txt	['PARTIE 2 - ELECTRIQUE', 'prof_v_g texte']						Pas ref dans le chemin
H:\Tcl\210 à 213 - Métro C - stations\Ateliers Hénon\DOE smp\PARTIE 2 - ELECTRIQUE\Sauvegardes machine\Programmes pieces\Sous programmes\prog_retrait texte.txt	['PARTIE 2 - ELECTRIQUE', 'prog_retrait texte']						Pas ref dans le chemin
H:\Tcl\210 à 213 - Métro C - stations\Ateliers Hénon\DOE smp\PARTIE 2 - ELECTRIQUE\SRC\Btn.ini	['PARTIE 2 - ELECTRIQUE']						Pas ref dans le chemin
H:\Tcl\210 à 213 - Métro C - stations\Ateliers Hénon\DOE smp\PARTIE 2 - ELECTRIQUE\SRC\Clic.wav	['PARTIE 2 - ELECTRIQUE']						Pas ref dans le chemin
H:\Tcl\210 à 213 - Métro C - stations\Ateliers Hénon\DOE smp\PARTIE 2 - ELECTRIQUE\SRC\Hover.bmp	['PARTIE 2 - ELECTRIQUE']						Pas ref dans le chemin
H:\Tcl\210 à 213 - Métro C - stations\Ateliers Hénon\DOE smp\PARTIE 2 - ELECTRIQUE\SRC\Hover.wav	['PARTIE 2 - ELECTRIQUE']						Pas ref dans le chemin
H:\Tcl\210 à 213 - Métro C - stations\Ateliers Hénon\DOE smp\PARTIE 2 - ELECTRIQUE\SRC\Info.txt	['PARTIE 2 - ELECTRIQUE']						Pas ref dans le chemin
H:\Tcl\210 à 213 - Métro C - stations\Ateliers Hénon\DOE smp\PARTIE 2 - ELECTRIQUE\SRC\Main.bmp	['PARTIE 2 - ELECTRIQUE']						Pas ref dans le chemin
H:\Tcl\210 à 213 - Métro C - stations\Ateliers Hénon\DOE smp\PARTIE 2 - ELECTRIQUE\SRC\mpeg.dll	['PARTIE 2 - ELECTRIQUE']						Pas ref dans le chemin
H:\Tcl\210 à 213 - Métro C - stations\Ateliers Hénon\DOE smp\PARTIE 2 - ELECTRIQUE\SRC\Note.rtf	['PARTIE 2 - ELECTRIQUE']						Pas ref dans le chemin
H:\Tcl\210 à 213 - Métro C - stations\Ateliers Hénon\DOE smp\PARTIE 2 - ELECTRIQUE\SRC\splash.jpg	['PARTIE 2 - ELECTRIQUE']						Pas ref dans le chemin
H:\Tcl\210 à 213 - Métro C - stations\Ateliers Hénon\DOE smp\PARTIE 2 - ELECTRIQUE\SRC\Start.wav	['PARTIE 2 - ELECTRIQUE']						Pas ref dans le chemin
H:\Tcl\210 à 213 - Métro C - stations\Ateliers Hénon\DOE smp\PARTIE 2 - ELECTRIQUE\SRC\Thumbs.db	['PARTIE 2 - ELECTRIQUE']						Pas ref dans le chemin
H:\Tcl\210 à 213 - Métro C - stations\Ateliers Hénon\DOE smp\PARTIE 2 - ELECTRIQUE\SRC\DOCUMENTATION\Btn.ini	['PARTIE 2 - ELECTRIQUE']						Pas ref dans le chemin
H:\Tcl\210 à 213 - Métro C - stations\Ateliers Hénon\DOE smp\PARTIE 2 - ELECTRIQUE\SRC\DOCUMENTATION\Clic.wav	['PARTIE 2 - ELECTRIQUE']						Pas ref dans le chemin
H:\Tcl\210 à 213 - Métro C - stations\Ateliers Hénon\DOE smp\PARTIE 2 - ELECTRIQUE\SRC\DOCUMENTATION\documentation.qmb	['PARTIE 2 - ELECTRIQUE']						Pas ref dans le chemin
H:\Tcl\210 à 213 - Métro C - stations\Ateliers Hénon\DOE smp\PARTIE 2 - ELECTRIQUE\SRC\DOCUMENTATION\Hover.bmp	['PARTIE 2 - ELECTRIQUE']						Pas ref dans le chemin
H:\Tcl\210 à 213 - Métro C - stations\Ateliers Hénon\DOE smp\PARTIE 2 - ELECTRIQUE\SRC\DOCUMENTATION\Hover.wav	['PARTIE 2 - ELECTRIQUE']						Pas ref dans le chemin
H:\Tcl\210 à 213 - Métro C - stations\Ateliers Hénon\DOE smp\PARTIE 2 - ELECTRIQUE\SRC\DOCUMENTATION\Info.txt	['PARTIE 2 - ELECTRIQUE']						Pas ref dans le chemin
H:\Tcl\210 à 213 - Métro C - stations\Ateliers Hénon\DOE smp\PARTIE 2 - ELECTRIQUE\SRC\DOCUMENTATION\Main.bmp	['PARTIE 2 - ELECTRIQUE']						Pas ref dans le chemin
H:\Tcl\210 à 213 - Métro C - stations\Ateliers Hénon\DOE smp\PARTIE 2 - ELECTRIQUE\SRC\DOCUMENTATION\mpeg.dll	['PARTIE 2 - ELECTRIQUE']						Pas ref dans le chemin
H:\Tcl\210 à 213 - Métro C - stations\Ateliers Hénon\DOE smp\PARTIE 2 - ELECTRIQUE\SRC\DOCUMENTATION\Note.rtf	['PARTIE 2 - ELECTRIQUE']						Pas ref dans le chemin
H:\Tcl\210 à 213 - Métro C - stations\Ateliers Hénon\DOE smp\PARTIE 2 - ELECTRIQUE\SRC\DOCUMENTATION\Thumbs.db	['PARTIE 2 - ELECTRIQUE']						Pas ref dans le chemin
H:\Tcl\210 à 213 - Métro C - stations\Ateliers Hénon\DOE smp\PARTIE 2 - ELECTRIQUE\SRC\GENERAL\Btn.ini	['PARTIE 2 - ELECTRIQUE']						Pas ref dans le chemin
H:\Tcl\210 à 213 - Métro C - stations\Ateliers Hénon\DOE smp\PARTIE 2 - ELECTRIQUE\SRC\GENERAL\Clic.wav	['PARTIE 2 - ELECTRIQUE']						Pas ref dans le chemin
H:\Tcl\210 à 213 - Métro C - stations\Ateliers Hénon\DOE smp\PARTIE 2 - ELECTRIQUE\SRC\GENERAL\Hover.bmp	['PARTIE 2 - ELECTRIQUE']						Pas ref dans le chemin
H:\Tcl\210 à 213 - Métro C - stations\Ateliers Hénon\DOE smp\PARTIE 2 - ELECTRIQUE\SRC\GENERAL\Hover.wav	['PARTIE 2 - ELECTRIQUE']						Pas ref dans le chemin
H:\Tcl\210 à 213 - Métro C - stations\Ateliers Hénon\DOE smp\PARTIE 2 - ELECTRIQUE\SRC\GENERAL\Info.txt	['PARTIE 2 - ELECTRIQUE']						Pas ref dans le chemin
H:\Tcl\210 à 213 - Métro C - stations\Ateliers Hénon\DOE smp\PARTIE 2 - ELECTRIQUE\SRC\GENERAL\Main.bmp	['PARTIE 2 - ELECTRIQUE']						Pas ref dans le chemin
H:\Tcl\210 à 213 - Métro C - stations\Ateliers Hénon\DOE smp\PARTIE 2 - ELECTRIQUE\SRC\GENERAL\mpeg.dll	['PARTIE 2 - ELECTRIQUE']						Pas ref dans le chemin
H:\Tcl\210 à 213 - Métro C - stations\Ateliers Hénon\DOE smp\PARTIE 2 - ELECTRIQUE\SRC\GENERAL\Note.rtf	['PARTIE 2 - ELECTRIQUE']						Pas ref dans le chemin
H:\Tcl\210 à 213 - Métro C - stations\Ateliers Hénon\DOE smp\PARTIE 2 - ELECTRIQUE\SRC\GENERAL\Thumbs.db	['PARTIE 2 - ELECTRIQUE']						Pas ref dans le chemin
H:\Tcl\210 à 213 - Métro C - stations\Ateliers Hénon\DOE smp\PARTIE 2 - ELECTRIQUE\SRC\SAUVEGARDE\Btn.ini	['PARTIE 2 - ELECTRIQUE']						Pas ref dans le chemin
H:\Tcl\210 à 213 - Métro C - stations\Ateliers Hénon\DOE smp\PARTIE 2 - ELECTRIQUE\SRC\SAUVEGARDE\Clic.wav	['PARTIE 2 - ELECTRIQUE']						Pas ref dans le chemin
H:\Tcl\210 à 213 - Métro C - stations\Ateliers Hénon\DOE smp\PARTIE 2 - ELECTRIQUE\SRC\SAUVEGARDE\Hover.bmp	['PARTIE 2 - ELECTRIQUE']						Pas ref dans le chemin
H:\Tcl\210 à 213 - Métro C - stations\Ateliers Hénon\DOE smp\PARTIE 2 - ELECTRIQUE\SRC\SAUVEGARDE\Hover.wav	['PARTIE 2 - ELECTRIQUE']						Pas ref dans le chemin
H:\Tcl\210 à 213 - Métro C - stations\Ateliers Hénon\DOE smp\PARTIE 2 - ELECTRIQUE\SRC\SAUVEGARDE\Info.txt	['PARTIE 2 - ELECTRIQUE']						Pas ref dans le chemin
H:\Tcl\210 à 213 - Métro C - stations\Ateliers Hénon\DOE smp\PARTIE 2 - ELECTRIQUE\SRC\SAUVEGARDE\Main.bmp	['PARTIE 2 - ELECTRIQUE']						Pas ref dans le chemin
H:\Tcl\210 à 213 - Métro C - stations\Ateliers Hénon\DOE smp\PARTIE 2 - ELECTRIQUE\SRC\SAUVEGARDE\mpeg.dll	['PARTIE 2 - ELECTRIQUE']						Pas ref dans le chemin
H:\Tcl\210 à 213 - Métro C - stations\Ateliers Hénon\DOE smp\PARTIE 2 - ELECTRIQUE\SRC\SAUVEGARDE\Note.rtf	['PARTIE 2 - ELECTRIQUE']						Pas ref dans le chemin
H:\Tcl\210 à 213 - Métro C - stations\Ateliers Hénon\DOE smp\PARTIE 2 - ELECTRIQUE\SRC\SAUVEGARDE\Thumbs.db	['PARTIE 2 - ELECTRIQUE']						Pas ref dans le chemin
H:\Tcl\210 à 213 - Métro C - stations\Ateliers Hénon\N 13112\N 13112.tif	['N 13112', 'N 13112']						
H:\Tcl\210 à 213 - Métro C - stations\Ateliers Hénon\N 13112\Thumbs.db	['N 13112']						
H:\Tcl\210 à 213 - Métro C - stations\Ateliers Hénon\SG60005\SG60005.tif	['SG60005', 'SG60005']						
H:\Tcl\210 à 213 - Métro C - stations\Ateliers Hénon\SR000289\SR000289.TIF	['SR000289', 'SR000289']						
H:\Tcl\210 à 213 - Métro C - stations\Ateliers Hénon\SR000289\Thumbs.db	['SR000289']						
H:\Tcl\210 à 213 - Métro C - stations\Croix-Paquet\04 Télétrans\AL99AL MC020 F10000 E43 LD 000045.DAT\Croix paquet_ULT_1.dat	['AL99AL MC020 F10000 E43 LD 000045.DAT', 'Croix paquet_ULT_1']						
H:\Tcl\210 à 213 - Métro C - stations\Croix-Rousse\00 Documentation technique\Plan d'implantation éclairage (provisoir cas)\Acces 11-21.dwl	['Acces 11-21']						Pas ref dans le chemin
H:\Tcl\210 à 213 - Métro C - stations\Croix-Rousse\00 Documentation technique\Plan d'implantation éclairage (provisoir cas)\M0933 T5030 INE PE 430081 R09 23 01 06.dwg	['M0933 T5030 INE PE 430081 R09 23 01 06']						
H:\Tcl\210 à 213 - Métro C - stations\Croix-Rousse\00 Documentation technique\Plan d'implantation éclairage (provisoir cas)\M0933 T5030 INE PE 430081 R09 23 01 06.dwl	['M0933 T5030 INE PE 430081 R09 23 01 06']						
H:\Tcl\210 à 213 - Métro C - stations\Croix-Rousse\00 Documentation technique\Plan d'implantation éclairage (provisoir cas)\M0933 T5030 INE PE 430081 R09 23 01 06.PDF	['M0933 T5030 INE PE 430081 R09 23 01 06']						
H:\Tcl\210 à 213 - Métro C - stations\Croix-Rousse\00 Programmes automate\Fichier Dat\Croix-rousse_ULS_4.dat	['Croix-rousse_ULS_4']						Pas ref dans le chemin
H:\Tcl\210 à 213 - Métro C - stations\Croix-Rousse\00 Programmes automate\Magelis\Géré UTM - CROIX_ROUSSE_Mag_Q1_V1.DOP	['Géré UTM - CROIX_ROUSSE_Mag_Q1_V1']						Pas ref dans le chemin
H:\Tcl\210 à 213 - Métro C - stations\Croix-Rousse\00 Programmes automate\Mini-ECC\L1-V1_0.DOP	['L1-V1_0']						Pas ref dans le chemin
H:\Tcl\210 à 213 - Métro C - stations\Croix-Rousse\00 Programmes automate\Mini-ECC\L2-V1_0.DOP	['L2-V1_0']						Pas ref dans le chemin
H:\Tcl\210 à 213 - Métro C - stations\Croix-Rousse\00 Programmes automate\Programme ULCLP deploiyés\clp-croixroussev2_2.XEF	['clp-croixroussev2_2']						Pas ref dans le chemin
H:\Tcl\210 à 213 - Métro C - stations\Croix-Rousse\00 Programmes automate\Programme ULECC\Croix-rousse_ULECC_1.dat	['Croix-rousse_ULECC_1']						Pas ref dans le chemin
H:\Tcl\210 à 213 - Métro C - stations\Croix-Rousse\00 Programmes automate\Programme ULECC\croix_rousse_ecc.stx	[]						Pas ref dans le chemin
H:\Tcl\210 à 213 - Métro C - stations\Croix-Rousse\00 Programmes automate\Programme ULECC\CROIX_ROUSSE_Mag_Q1_V1.DOP	['CROIX_ROUSSE_Mag_Q1_V1']						Pas ref dans le chemin
H:\Tcl\210 à 213 - Métro C - stations\Croix-Rousse\00 Programmes automate\Siloe\Géré UTM - Ligne C_Croix-rousse_ULECC.base	[]						Pas ref dans le chemin
H:\Tcl\210 à 213 - Métro C - stations\Croix-Rousse\00 Programmes automate\Siloe\Géré UTM - Ligne C_Croix-rousse_ULECC_1.mdb	['Géré UTM - Ligne C_Croix-rousse_ULECC_1']						Pas ref dans le chemin
H:\Tcl\210 à 213 - Métro C - stations\Croix-Rousse\04 Télétrans\AL99AL MC054 F10000 E43 LD 000048.DAT\Croix-rousse_ULT_1.dat	['AL99AL MC054 F10000 E43 LD 000048.DAT', 'Croix-rousse_ULT_1']						
H:\Tcl\210 à 213 - Métro C - stations\Croix-Rousse\04 Télétrans\ECC\Base_MDB\ULECC.BASE\Ligne C_Croix-rousse_ULECC.base	['ULECC']						Pas ref dans le chemin
H:\Tcl\210 à 213 - Métro C - stations\Croix-Rousse\04 Télétrans\ECC\Base_MDB\ULECC.MDB\Ligne C_Croix-rousse_ULECC_1.mdb	['ULECC.MDB', 'Ligne C_Croix-rousse_ULECC_1']						Pas ref dans le chemin
H:\Tcl\210 à 213 - Métro C - stations\Croix-Rousse\04 Télétrans\ECC\Magelis\CROIX_ROUSSE_Mag_Q1_V1.DOP	['CROIX_ROUSSE_Mag_Q1_V1']						Pas ref dans le chemin
H:\Tcl\210 à 213 - Métro C - stations\Croix-Rousse\04 Télétrans\ECC\Magelis\Archives\CROIX_ROUSSE_Mag_Q1_V1.DOP	['Archives', 'CROIX_ROUSSE_Mag_Q1_V1']						Pas ref dans le chemin
H:\Tcl\210 à 213 - Métro C - stations\Croix-Rousse\04 Télétrans\ECC\Programme\Archives\Croix-rousse_ULECC_1.dat	['Archives', 'Croix-rousse_ULECC_1']						Pas ref dans le chemin
H:\Tcl\210 à 213 - Métro C - stations\Croix-Rousse\04 Télétrans\ECC\Programme\Archives\croix_rousse_ecc.stx	['Archives']						Pas ref dans le chemin
H:\Tcl\210 à 213 - Métro C - stations\Croix-Rousse\04 Télétrans\ECC\Programme\ECC.STX\croix_rousse_ecc.stx	['ECC']						Pas ref dans le chemin
H:\Tcl\210 à 213 - Métro C - stations\Croix-Rousse\04 Télétrans\ECC\Programme\ULECC.DAT\Croix-rousse_ULECC_1.dat	['ULECC.DAT', 'Croix-rousse_ULECC_1']						Pas ref dans le chemin
H:\Tcl\210 à 213 - Métro C - stations\Croix-Rousse\AGM093391IKLP00570\AGM093391IKLP00570.dwg	['AGM093391IKLP00570', 'AGM093391IKLP00570']						
H:\Tcl\210 à 213 - Métro C - stations\Croix-Rousse\AGM0933A7EKLP00707\AGM0933A7EKLP00707 A3.pdf	['AGM0933A7EKLP00707', 'AGM0933A7EKLP00707 A3']						
H:\Tcl\210 à 213 - Métro C - stations\Croix-Rousse\AGM0933A7EKLP00707\AGM0933A7EKLP00707.dwg	['AGM0933A7EKLP00707', 'AGM0933A7EKLP00707']						
H:\Tcl\210 à 213 - Métro C - stations\Croix-Rousse\AGM0933A7EKLP00707\AGM0933A7EKLP00707.pdf	['AGM0933A7EKLP00707', 'AGM0933A7EKLP00707']						
H:\Tcl\210 à 213 - Métro C - stations\Croix-Rousse\LF022701\LF022701.TIF	['LF022701', 'LF022701']						Ref non présente dans extraction
H:\Tcl\210 à 213 - Métro C - stations\Croix-Rousse\LF022701\Thumbs.db	['LF022701']						Ref non présente dans extraction
H:\Tcl\210 à 213 - Métro C - stations\Croix-Rousse\SE00997\SE00997.tif	['SE00997', 'SE00997']						Géré
H:\Tcl\210 à 213 - Métro C - stations\Croix-Rousse\SE00997\Thumbs.db	['SE00997']						Géré
H:\Tcl\210 à 213 - Métro C - stations\Croix-Rousse\SE00998\SE00998.tif	['SE00998', 'SE00998']						Géré
H:\Tcl\210 à 213 - Métro C - stations\Croix-Rousse\SE00998\Thumbs.db	['SE00998']						Géré
H:\Tcl\210 à 213 - Métro C - stations\Croix-Rousse\SE01004\SE01004.tif	['SE01004', 'SE01004']						Géré
H:\Tcl\210 à 213 - Métro C - stations\Croix-Rousse\SE01004\Thumbs.db	['SE01004']						Géré
H:\Tcl\210 à 213 - Métro C - stations\Cuire\00 Documentation technique\GZM0093573LCYH00116\GZM0093573LCYH00116.pdf	['Cuire', 'GZM0093573LCYH00116', 'GZM0093573LCYH00116']						Un 0 en trop GZM093573LCYH00116
H:\Tcl\210 à 213 - Métro C - stations\Cuire\00 Programme Automate\Fichiers DAT\Cuire_ULS_4.dat	['Cuire', 'Cuire_ULS_4']						Pas ref dans le chemin
H:\Tcl\210 à 213 - Métro C - stations\Cuire\00 Programme Automate\Mini-Ecc\L1-V1_0.DOP	['Cuire', 'L1-V1_0']						Pas ref dans le chemin
H:\Tcl\210 à 213 - Métro C - stations\Cuire\00 Programme Automate\Mini-Ecc\L2-V1_0.DOP	['Cuire', 'L2-V1_0']						Pas ref dans le chemin
H:\Tcl\210 à 213 - Métro C - stations\Cuire\00 Programme Automate\Mini-Ecc\L3-V1_0.DOP	['Cuire', 'L3-V1_0']						Pas ref dans le chemin
H:\Tcl\210 à 213 - Métro C - stations\Cuire\00 Programme Automate\ULCLP\clp-cuirev1_2.XEF	['Cuire', 'clp-cuirev1_2']						Pas ref dans le chemin
H:\Tcl\210 à 213 - Métro C - stations\Cuire\00 Programme Automate\ULCLP\clp-cuirev2_2.XEF	['Cuire', 'clp-cuirev2_2']						Pas ref dans le chemin
H:\Tcl\210 à 213 - Métro C - stations\Cuire\03 Signalisation Ferroviaire\AG00AGM812490000I10TD000027\PDF Voir DP\AG00AGM812490000I10TD000027.pdf	['Cuire', 'AG00AGM812490000I10TD000027', 'AG00AGM812490000I10TD000027']						Il manque un zero AG00AG M0812 490000 I10 TD 000027
H:\Tcl\210 à 213 - Métro C - stations\Cuire\04 Télétrans\AL99AL MC058 F10000 E43 LD 000053.DAT\Cuire_ULT_1.dat	['Cuire', 'AL99AL MC058 F10000 E43 LD 000053.DAT', 'Cuire_ULT_1']						Gérable dans le script problème car 2 espace dans la ref fournisseur
H:\Tcl\210 à 213 - Métro C - stations\Hénon\00 Documentation traction\pr_henon.stx	['Hénon']						Pas ref dans le chemin
H:\Tcl\210 à 213 - Métro C - stations\Hénon\00 Documentation traction\Ref_crois_API_HENON.xls	['Hénon']						Pas ref dans le chemin
H:\Tcl\210 à 213 - Métro C - stations\Hénon\00 Documentation traction\Note_de_programmation\GR7_X1-X2.LD	['Hénon', 'GR7_X1-X2']						Pas ref dans le chemin
H:\Tcl\210 à 213 - Métro C - stations\Hénon\00 Documentation traction\Note_de_programmation\GR7_X7-X0.LD	['Hénon', 'GR7_X7-X0']						Pas ref dans le chemin
H:\Tcl\210 à 213 - Métro C - stations\Hénon\00 Documentation traction\Note_de_programmation\Note_réalisation_programme.txt	['Hénon']						Pas ref dans le chemin
H:\Tcl\210 à 213 - Métro C - stations\Hénon\00 Documentation traction\Note_de_programmation\POST_Dem_ferm_disj_20KV.LD	['Hénon', 'POST_Dem_ferm_disj_20KV']						Pas ref dans le chemin
H:\Tcl\210 à 213 - Métro C - stations\Hénon\00 Documentation traction\Note_de_programmation\PRL_Ci_Cp_arret_pr.LD	['Hénon']						Pas ref dans le chemin
H:\Tcl\210 à 213 - Métro C - stations\Hénon\00 Documentation traction\Note_de_programmation\VEN_a_supprimer.LD	['Hénon']						Pas ref dans le chemin
H:\Tcl\210 à 213 - Métro C - stations\Hénon\00 Documentation traction\Note_de_programmation\VOY_M621.LD	['Hénon', 'VOY_M621']						Pas ref dans le chemin
H:\Tcl\210 à 213 - Métro C - stations\Hénon\00 Documentation traction\Note_de_programmation\VOY_M624.LD	['Hénon', 'VOY_M624']						Pas ref dans le chemin
H:\Tcl\210 à 213 - Métro C - stations\Hénon\00 Documentation traction\Note_de_programmation\VOY_M634_M638.LD	['Hénon', 'VOY_M634_M638']						Pas ref dans le chemin
H:\Tcl\210 à 213 - Métro C - stations\Hénon\00 Documentation traction\Note_de_programmation\VOY_M635.LD	['Hénon', 'VOY_M635']						Pas ref dans le chemin
H:\Tcl\210 à 213 - Métro C - stations\Hénon\00 Plans d'implantations éclairages\M0934 T5030 INE PE 430071 R08 27 10 05.dwg	['Hénon', 'M0934 T5030 INE PE 430071 R08 27 10 05']						REF??
H:\Tcl\210 à 213 - Métro C - stations\Hénon\00 Plans d'implantations éclairages\M0934 T5030 INE PE 430071 R08 27 10 05.pdf	['Hénon', 'M0934 T5030 INE PE 430071 R08 27 10 05']						REF??
H:\Tcl\210 à 213 - Métro C - stations\Hénon\00 Plans d'implantations éclairages\M0934 T5030 INE PE 430072 R08 27 10 05.dwg	['Hénon', 'M0934 T5030 INE PE 430072 R08 27 10 05']						REF??
H:\Tcl\210 à 213 - Métro C - stations\Hénon\00 Plans d'implantations éclairages\M0934 T5030 INE PE 430072 R08 27 10 05.pdf	['Hénon', 'M0934 T5030 INE PE 430072 R08 27 10 05']						REF??
H:\Tcl\210 à 213 - Métro C - stations\Hénon\00 Plans d'implantations éclairages\M0934 T5030 INE PE 540066 A02 12 09 05.dwg	['Hénon', 'M0934 T5030 INE PE 540066 A02 12 09 05']						REF??
H:\Tcl\210 à 213 - Métro C - stations\Hénon\00 Plans d'implantations éclairages\M0934 T5030 INE PE 540066 A02 12 09 05.pdf	['Hénon', 'M0934 T5030 INE PE 540066 A02 12 09 05']						REF??
H:\Tcl\210 à 213 - Métro C - stations\Hénon\00 Plans d'implantations éclairages\M0934 T5030 INE PE 540067 A02 12 09 0.dwg	['Hénon', 'M0934 T5030 INE PE 540067 A02 12 09 0']						REF??
H:\Tcl\210 à 213 - Métro C - stations\Hénon\00 Plans d'implantations éclairages\M0934 T5030 INE PE 540067 A02 12 09 05.pdf	['Hénon', 'M0934 T5030 INE PE 540067 A02 12 09 05']						REF??
H:\Tcl\210 à 213 - Métro C - stations\Hénon\00 Plans d'implantations éclairages\M0934 T5030 INE PE 550066 A02 15 03 05.dwg	['Hénon', 'M0934 T5030 INE PE 550066 A02 15 03 05']						REF??
H:\Tcl\210 à 213 - Métro C - stations\Hénon\00 Plans d'implantations éclairages\M0934 T5030 INE PE 550066 A02 15 03 05.pdf	['Hénon', 'M0934 T5030 INE PE 550066 A02 15 03 05']						REF??
H:\Tcl\210 à 213 - Métro C - stations\Hénon\00 Plans d'implantations éclairages\M0934 T5030 INE PE 550067 A02 15 03 05.dwg	['Hénon', 'M0934 T5030 INE PE 550067 A02 15 03 05']						REF??
H:\Tcl\210 à 213 - Métro C - stations\Hénon\00 Plans d'implantations éclairages\M0934 T5030 INE PE 550067 A02 15 03 05.pdf	['Hénon', 'M0934 T5030 INE PE 550067 A02 15 03 05']						REF??
H:\Tcl\210 à 213 - Métro C - stations\Hénon\00 Plans d'implantations éclairages\Thumbs.db	['Hénon']						Pas ref dans le chemin
H:\Tcl\210 à 213 - Métro C - stations\Hénon\00 Programme Automate\Fichier Dat\Henon_ULS_4.dat	['Hénon', 'Henon_ULS_4']						Pas ref dans le chemin
H:\Tcl\210 à 213 - Métro C - stations\Hénon\00 Programme Automate\Magelis\Géré UTM - Henon_Mag_Q1_V1.DOP	['Hénon', 'Géré UTM - Henon_Mag_Q1_V1']						Pas ref dans le chemin
H:\Tcl\210 à 213 - Métro C - stations\Hénon\00 Programme Automate\Mini-ECC\L1-V1_0.DOP	['Hénon', 'L1-V1_0']						Pas ref dans le chemin
H:\Tcl\210 à 213 - Métro C - stations\Hénon\00 Programme Automate\Mini-ECC\L2-V1_0.DOP	['Hénon', 'L2-V1_0']						Pas ref dans le chemin
H:\Tcl\210 à 213 - Métro C - stations\Hénon\00 Programme Automate\Mini-ECC\L3-V1_0.DOP	['Hénon', 'L3-V1_0']						Pas ref dans le chemin
H:\Tcl\210 à 213 - Métro C - stations\Hénon\00 Programme Automate\Mini-ECC\L4-V1_0.DOP	['Hénon', 'L4-V1_0']						Pas ref dans le chemin
H:\Tcl\210 à 213 - Métro C - stations\Hénon\00 Programme Automate\Programme\Géré UTM - Henon_ULECC_1.dat	['Hénon', 'Géré UTM - Henon_ULECC_1']						Pas ref dans le chemin
H:\Tcl\210 à 213 - Métro C - stations\Hénon\00 Programme Automate\Programme\Géré UTM - siloe_ecc_cegelec_v2.stx	['Hénon', 'Géré UTM - siloe_ecc_cegelec_v2']						Pas ref dans le chemin
H:\Tcl\210 à 213 - Métro C - stations\Hénon\00 Programme Automate\Programme ULCLP\clp-henonv2_0.XEF	['Hénon', 'clp-henonv2_0']						Pas ref dans le chemin
H:\Tcl\210 à 213 - Métro C - stations\Hénon\00 Programme Automate\Programme ULCLP\clp-henonv2_2.XEF	['Hénon', 'clp-henonv2_2']						Pas ref dans le chemin
H:\Tcl\210 à 213 - Métro C - stations\Hénon\00 Programme Automate\Programme ULECC\Henon_Mag_Q1_V1.DOP	['Hénon', 'Henon_Mag_Q1_V1']						Pas ref dans le chemin
H:\Tcl\210 à 213 - Métro C - stations\Hénon\00 Programme Automate\Programme ULECC\Henon_ULECC_1.dat	['Hénon', 'Henon_ULECC_1']						Pas ref dans le chemin
H:\Tcl\210 à 213 - Métro C - stations\Hénon\00 Programme Automate\Programme ULECC\hénon_ecc.stx	['Hénon']						Pas ref dans le chemin
H:\Tcl\210 à 213 - Métro C - stations\Hénon\00 Programme Automate\Siloe\Géré UTM - Ligne C_Henon_ULECC_1.base	['Hénon', 'Géré UTM - Ligne C_Henon_ULECC_1']						Pas ref dans le chemin
H:\Tcl\210 à 213 - Métro C - stations\Hénon\00 Programme Automate\Siloe\Géré UTM - Ligne C_Henon_ULECC_1.mdb	['Hénon', 'Géré UTM - Ligne C_Henon_ULECC_1']						Pas ref dans le chemin
H:\Tcl\210 à 213 - Métro C - stations\Hénon\04 Télétrans\AL99AL MC056 F10000 E43 LD 000051.DAT\Henon_ULT_1.dat	['Hénon', 'AL99AL MC056 F10000 E43 LD 000051.DAT', 'Henon_ULT_1']						Gérable dans le script problème car 2 espace dans la ref fournisseur
H:\Tcl\210 à 213 - Métro C - stations\Hénon\04 Télétrans\ECC\Base_MDB\ULECC.BASE\Ligne C_Henon_ULECC_1.base	['Hénon', 'ULECC.BASE', 'Ligne C_Henon_ULECC_1']						Pas ref dans le chemin
H:\Tcl\210 à 213 - Métro C - stations\Hénon\04 Télétrans\ECC\Base_MDB\ULECC.MDB\Ligne C_Henon_ULECC_1.mdb	['Hénon', 'ULECC.MDB', 'Ligne C_Henon_ULECC_1']						Pas ref dans le chemin
H:\Tcl\210 à 213 - Métro C - stations\Hénon\04 Télétrans\ECC\Magelis\Henon_Mag_Q1_V1.DOP	['Hénon', 'Henon_Mag_Q1_V1']						Pas ref dans le chemin
H:\Tcl\210 à 213 - Métro C - stations\Hénon\04 Télétrans\ECC\Magelis\Archives\Henon_Mag_Q1_V1.DOP	['Hénon', 'Archives', 'Henon_Mag_Q1_V1']						Pas ref dans le chemin
H:\Tcl\210 à 213 - Métro C - stations\Hénon\04 Télétrans\ECC\Programme\Archives\Henon_ULECC_1.dat	['Hénon', 'Archives', 'Henon_ULECC_1']						Pas ref dans le chemin
H:\Tcl\210 à 213 - Métro C - stations\Hénon\04 Télétrans\ECC\Programme\Archives\siloe_ecc_cegelec_v2.stx	['Hénon', 'Archives', 'siloe_ecc_cegelec_v2']						Pas ref dans le chemin
H:\Tcl\210 à 213 - Métro C - stations\Hénon\04 Télétrans\ECC\Programme\ECC.STX\hénon_ecc.stx	['Hénon', 'ECC']						Pas ref dans le chemin
H:\Tcl\210 à 213 - Métro C - stations\Hénon\04 Télétrans\ECC\Programme\ULECC.DAT\Henon_ULECC_1.dat	['Hénon', 'ULECC.DAT', 'Henon_ULECC_1']						Pas ref dans le chemin
H:\Tcl\210 à 213 - Métro C - stations\Hénon\CC99CCM0934860000E400D000062\CC99CCM0934860000E400D000062.pdf	['Hénon', 'CC99CCM0934860000E400D000062', 'CC99CCM0934860000E400D000062']						0 à la place d'un O CC99CC M0934 860000 E40 OD 000062
H:\Tcl\210 à 213 - Métro C - stations\Hénon\CC99CCM0934860000E400D000062\ES TOR HENON.pdf	['Hénon', 'CC99CCM0934860000E400D000062']						0 à la place d'un O CC99CC M0934 860000 E40 OD 000062
H:\Tcl\210 à 213 - Métro C - stations\Hénon\CC99CCM0934860000E400D000062\ES TOR HENON.xls	['Hénon', 'CC99CCM0934860000E400D000062']						0 à la place d'un O CC99CC M0934 860000 E40 OD 000062
H:\Tcl\210 à 213 - Métro C - stations\Hénon\CC99CCM0934860000E400D000062\Page de Garde.doc	['Hénon', 'CC99CCM0934860000E400D000062']						0 à la place d'un O CC99CC M0934 860000 E40 OD 000062
H:\Tcl\210 à 213 - Métro C - stations\Hénon\CC99CCM0934860000E400D000062\Page de Garde.pdf	['Hénon', 'CC99CCM0934860000E400D000062']						0 à la place d'un O CC99CC M0934 860000 E40 OD 000062
H:\Tcl\210 à 213 - Métro C - stations\Hénon\GZM093473LCYH00111\GZM093473LCYH00111.pdf	['Hénon', 'GZM093473LCYH00111', 'GZM093473LCYH00111']						Ref non présente dans extraction
H:\Tcl\210 à 213 - Métro C - stations\Hénon\HHM093472EINU15312\HH M0934 72 E IN P 15312_R01.dwg	['Hénon', 'HHM093472EINU15312', 'HH M0934 72 E IN P 15312_R01']						Ref non présente dans extraction
H:\Tcl\210 à 213 - Métro C - stations\Hénon\HHM093472EINU15312\PDF Voir DP\Thumbs.db	['Hénon', 'HHM093472EINU15312']						Ref non présente dans extraction
