Chemin du fichier;Référence Fiche
H:\Tcl\105 à 122 - Métro A - stations\Bellecour\00 Documentation technique\AAM096198IKLV00175\AAM096198IKLV00175.dwg;['AAM096198IKLV00175', 'AAM096198IKLV00175']
H:\Tcl\105 à 122 - Métro A - stations\Bellecour\00 Documentation technique\AAM096198IKLV00175\Fiche contradictoire de prise de site.pdf;['AAM096198IKLV00175']
H:\Tcl\105 à 122 - Métro A - stations\Bellecour\00 Documentation technique\AAM096198IKLV00175\Fiche de recette site Bellecour.pdf;['AAM096198IKLV00175']
H:\Tcl\105 à 122 - Métro A - stations\Bellecour\00 Documentation technique\AAM096198IKLV00175\Fiche de recette site.pdf;['AAM096198IKLV00175']
H:\Tcl\105 à 122 - Métro A - stations\Bellecour\00 Documentation technique\GZM0091173LCYH00116\GZM0091173LCYH00116.pdf;['GZM0091173LCYH00116', 'GZM0091173LCYH00116']
H:\Tcl\105 à 122 - Métro A - stations\Bellecour\01 Courant fort faible\BI99BIM0961730000E00TP000001\Prêt PORTALP 21-075\desktop.ini;['BI99BIM0961730000E00TP000001', 'Prêt PORTALP 21-075']
H:\Tcl\105 à 122 - Métro A - stations\Bellecour\01 Courant fort faible\HL00HLM0961830000E20PSS00330\HL00HLM0961830000E20PSS00330-F00P01 PDG.dwg;['HL00HLM0961830000E20PSS00330', 'HL00HLM0961830000E20PSS00330-F00P01 PDG']
H:\Tcl\105 à 122 - Métro A - stations\Bellecour\01 Courant fort faible\HL00HLM0961830000E20PSS00330\HL00HLM0961830000E20PSS00330-F01P01.dwg;['HL00HLM0961830000E20PSS00330', 'HL00HLM0961830000E20PSS00330-F01P01']
H:\Tcl\105 à 122 - Métro A - stations\Bellecour\01 Courant fort faible\HL00HLM0961830000E20PSS00330\HL00HLM0961830000E20PSS00330-F02P01.dwg;['HL00HLM0961830000E20PSS00330', 'HL00HLM0961830000E20PSS00330-F02P01']
H:\Tcl\105 à 122 - Métro A - stations\Bellecour\01 Courant fort faible\HL00HLM0961830000E20PSS00330\HL00HLM0961830000E20PSS00330-F03P01.dwg;['HL00HLM0961830000E20PSS00330', 'HL00HLM0961830000E20PSS00330-F03P01']
H:\Tcl\105 à 122 - Métro A - stations\Bellecour\01 Courant fort faible\HL00HLM0961830000E20PSS00330\HL00HLM0961830000E20PSS00330-F04P01.dwg;['HL00HLM0961830000E20PSS00330', 'HL00HLM0961830000E20PSS00330-F04P01']
H:\Tcl\105 à 122 - Métro A - stations\Bellecour\01 Courant fort faible\HL00HLM0961830000E20PSS00330\HL00HLM0961830000E20PSS00330-F04P02.dwg;['HL00HLM0961830000E20PSS00330', 'HL00HLM0961830000E20PSS00330-F04P02']
H:\Tcl\105 à 122 - Métro A - stations\Bellecour\01 Courant fort faible\HL00HLM0961830000E20PSS00330\HL00HLM0961830000E20PSS00330-F04P03.dwg;['HL00HLM0961830000E20PSS00330', 'HL00HLM0961830000E20PSS00330-F04P03']
H:\Tcl\105 à 122 - Métro A - stations\Bellecour\01 Courant fort faible\HL00HLM0961830000E20PSS00330\HL00HLM0961830000E20PSS00330-F04P04.dwg;['HL00HLM0961830000E20PSS00330', 'HL00HLM0961830000E20PSS00330-F04P04']
H:\Tcl\105 à 122 - Métro A - stations\Bellecour\01 Courant fort faible\HL00HLM0961830000E20PSS00330\HL00HLM0961830000E20PSS00330-F04P05.dwg;['HL00HLM0961830000E20PSS00330', 'HL00HLM0961830000E20PSS00330-F04P05']
H:\Tcl\105 à 122 - Métro A - stations\Bellecour\01 Courant fort faible\HL00HLM0961830000E20PSS00330\HL00HLM0961830000E20PSS00330-F04P06.dwg;['HL00HLM0961830000E20PSS00330', 'HL00HLM0961830000E20PSS00330-F04P06']
H:\Tcl\105 à 122 - Métro A - stations\Bellecour\01 Courant fort faible\HL00HLM0961830000E20PSS00330\HL00HLM0961830000E20PSS00330-F05P01.dwg;['HL00HLM0961830000E20PSS00330', 'HL00HLM0961830000E20PSS00330-F05P01']
H:\Tcl\105 à 122 - Métro A - stations\Bellecour\01 Courant fort faible\HL00HLM0961830000E20PSS00330\HL00HLM0961830000E20PSS00330-F05P02.dwg;['HL00HLM0961830000E20PSS00330', 'HL00HLM0961830000E20PSS00330-F05P02']
H:\Tcl\105 à 122 - Métro A - stations\Bellecour\01 Courant fort faible\HL00HLM0961830000E20PSS00330\HL00HLM0961830000E20PSS00330-F06P01.dwg;['HL00HLM0961830000E20PSS00330', 'HL00HLM0961830000E20PSS00330-F06P01']
H:\Tcl\105 à 122 - Métro A - stations\Bellecour\01 Courant fort faible\ST901414\A061400.dwg;['ST901414', 'A061400']
H:\Tcl\105 à 122 - Métro A - stations\Bellecour\01 Courant fort faible\ST901414\A061401.DWG;['ST901414', 'A061401']
H:\Tcl\105 à 122 - Métro A - stations\Bellecour\01 Courant fort faible\ST901414\A061403.dwg;['ST901414', 'A061403']
H:\Tcl\105 à 122 - Métro A - stations\Bellecour\01 Courant fort faible\ST901414\A061404.DWG;['ST901414', 'A061404']
H:\Tcl\105 à 122 - Métro A - stations\Bellecour\01 Courant fort faible\ST901414\A061405.DWG;['ST901414', 'A061405']
H:\Tcl\105 à 122 - Métro A - stations\Bellecour\01 Courant fort faible\ST901414\A061406.dwg;['ST901414', 'A061406']
H:\Tcl\105 à 122 - Métro A - stations\Bellecour\01 Courant fort faible\ST901414\A061409.DWG;['ST901414', 'A061409']
H:\Tcl\105 à 122 - Métro A - stations\Bellecour\01 Courant fort faible\ST901414\A061410.DWG;['ST901414', 'A061410']
H:\Tcl\105 à 122 - Métro A - stations\Bellecour\01 Courant fort faible\ST901414\A061411.DWG;['ST901414', 'A061411']
H:\Tcl\105 à 122 - Métro A - stations\Bellecour\01 Courant fort faible\ST901414\A061412.DWG;['ST901414', 'A061412']
H:\Tcl\105 à 122 - Métro A - stations\Bellecour\01 Courant fort faible\ST901414\A061413.DWG;['ST901414', 'A061413']
H:\Tcl\105 à 122 - Métro A - stations\Bellecour\01 Courant fort faible\ST901414\A061414.DWG;['ST901414', 'A061414']
H:\Tcl\105 à 122 - Métro A - stations\Bellecour\01 Courant fort faible\ST901414\A061415.DWG;['ST901414', 'A061415']
H:\Tcl\105 à 122 - Métro A - stations\Bellecour\01 Courant fort faible\ST901414\A061416.DWG;['ST901414', 'A061416']
H:\Tcl\105 à 122 - Métro A - stations\Bellecour\01 Courant fort faible\ST901414\A061417.DWG;['ST901414', 'A061417']
H:\Tcl\105 à 122 - Métro A - stations\Bellecour\01 Courant fort faible\ST901414\A061418.DWG;['ST901414', 'A061418']
H:\Tcl\105 à 122 - Métro A - stations\Bellecour\01 Courant fort faible\ST901414\A061419.DWG;['ST901414', 'A061419']
H:\Tcl\105 à 122 - Métro A - stations\Bellecour\01 Courant fort faible\ST901414\A061420.DWG;['ST901414', 'A061420']
H:\Tcl\105 à 122 - Métro A - stations\Bellecour\01 Courant fort faible\ST901414\A061421.DWG;['ST901414', 'A061421']
H:\Tcl\105 à 122 - Métro A - stations\Bellecour\04 Télétrans\AL99ALMA006F10000E43LD 000009.DAT U.L.T\Bellecour_ULT_1.dat;['AL99ALMA006F10000E43LD 000009.DAT U.L.T', 'Bellecour_ULT_1']
